delete from u_review;
delete from h_review;
delete from availability;
delete from booking;
delete from cancel_booking;
delete from payment;
delete from listing;
delete from host;
delete from user;


INSERT INTO user VALUES ('123456789', 'John', 'Doe', '123 Main St', 'Engineer', 'john.doe@example.com', 'password123', '1985-07-15', '1234567812345678');
INSERT INTO user VALUES ('987654321', 'Jane', 'Smith', '456 Oak Ave', 'Designer', 'jane.smith@example.com', 'securepass', '1990-05-23', '8765432187654321');
INSERT INTO user VALUES ('246813579', 'Michael', 'Johnson', '789 Elm St', 'Teacher', 'michael.johnson@example.com', 'myp4ssword', '1982-11-07', '6543217865432178');
INSERT INTO user VALUES ('135792468', 'Emily', 'Lee', '321 Birch Rd', 'Writer', 'emily.lee@example.com', 'letmein123', '1995-03-30', '9876541298765412');
INSERT INTO user VALUES ('987654322', 'Alex', 'Brown', '567 Pine Ave', 'Doctor', 'alex.brown@example.com', 'p@ssw0rd', '1988-09-18', '4567891234567891');
INSERT INTO user VALUES ('987612345', 'Sarah', 'Wilson', '890 Cedar Rd', 'Artist', 'sarah.wilson@example.com', 'pass1234', '1992-02-10', '3692581478523691');
INSERT INTO user VALUES ('987654123', 'Michael', 'Clark', '987 Maple St', 'Developer', 'michael.clark@example.com', 'password', '1983-06-25', '9517538524567891');
INSERT INTO user VALUES ('987623451', 'Jessica', 'Miller', '258 Oak Ave', 'Engineer', 'jessica.miller@example.com', 'test123', '1994-08-04', '7531598524681592');
INSERT INTO user VALUES ('555555555', 'Matthew', 'Davis', '444 Elm St', 'Student', 'matthew.davis@example.com', 'hello123', '1998-12-01', '8529631478529631');
INSERT INTO user VALUES ('111111111', 'Emily', 'White', '222 Birch Rd', 'Designer', 'emily.white@example.com', 'qwerty123', '1989-04-09', '7539514568521479');
INSERT INTO user VALUES ('222222222', 'Michael', 'Anderson', '333 Main St', 'Teacher', 'michael.anderson@example.com', 'mypass456', '1986-09-20', '4569871236547892');
INSERT INTO user VALUES ('333333333', 'Sophia', 'Garcia', '444 Oak Ave', 'Writer', 'sophia.garcia@example.com', 'abc123xyz', '1991-03-12', '7896541239876543');
INSERT INTO user VALUES ('444444444', 'Daniel', 'Martinez', '555 Elm St', 'Doctor', 'daniel.martinez@example.com', 'secure4321', '1984-07-05', '2583691478523691');
INSERT INTO user VALUES ('666666666', 'Ethan', 'Hernandez', '777 Pine Ave', 'Engineer', 'ethan.hernandez@example.com', 'testpass123', '1987-11-15', '3571597534862159');
INSERT INTO user VALUES ('777777777', 'Ava', 'Gonzalez', '888 Cedar Rd', 'Student', 'ava.gonzalez@example.com', 'test321', '1996-05-08', '4567893216547893');
INSERT INTO user VALUES ('888888888', 'William', 'Smith', '999 Maple St', 'Designer', 'william.smith@example.com', 'mypassword', '1980-08-22', '7539518524569852');
INSERT INTO user VALUES ('999999999', 'Isabella', 'Johnson', '123 Oak Ave', 'Developer', 'isabella.johnson@example.com', 'pass123', '1997-09-04', '8523697412589631');
INSERT INTO user VALUES ('123123123', 'James', 'Brown', '456 Elm St', 'Engineer', 'james.brown@example.com', 'example123', '1981-12-18', '9632587418529631');
INSERT INTO user VALUES ('456456456', 'Charlotte', 'Davis', '789 Birch Rd', 'Designer', 'charlotte.davis@example.com', 'examplepass', '1999-06-01', '7539518524569874');
INSERT INTO user VALUES ('111111000', 'Liam', 'Rodriguez', '111 Main St', 'Teacher', 'liam.rodriguez@example.com', 'securepass123', '1992-07-10', '8529631478523698');
INSERT INTO user VALUES ('222222000', 'Olivia', 'Lopez', '222 Oak Ave', 'Writer', 'olivia.lopez@example.com', 'abc123pass', '1987-12-15', '7539518524563214');
INSERT INTO user VALUES ('333333000', 'Noah', 'Perez', '333 Elm St', 'Doctor', 'noah.perez@example.com', 'qwerty1234', '1995-09-25', '4567893216549875');
INSERT INTO user VALUES ('444444000', 'Emma', 'Gonzalez', '444 Birch Rd', 'Artist', 'emma.gonzalez@example.com', 'myp@ssword', '1988-04-08', '9517538524563217');
INSERT INTO user VALUES ('555555000', 'Liam', 'Hernandez', '555 Pine Ave', 'Engineer', 'liam.hernandez@example.com', 'test4321', '1993-01-30', '1234569874563215');
INSERT INTO user VALUES ('666666000', 'Ava', 'Garcia', '666 Cedar Rd', 'Student', 'ava.garcia@example.com', 'pass1234', '1990-06-05', '7894561236547892');
INSERT INTO user VALUES ('777777000', 'Noah', 'Martinez', '777 Maple St', 'Designer', 'noah.martinez@example.com', 'examplepass123', '1989-03-20', '6541237898529631');
INSERT INTO user VALUES ('888888000', 'Isabella', 'Lee', '888 Oak Ave', 'Developer', 'isabella.lee@example.com', 'testpassword', '1996-10-12', '2583698521479631');
INSERT INTO user VALUES ('999999000', 'Sophia', 'Smith', '999 Elm St', 'Engineer', 'sophia.smith@example.com', '12345pass', '1984-05-28', '1234567891236547');
INSERT INTO user VALUES ('123123000', 'Oliver', 'Johnson', '123 Birch Rd', 'Designer', 'oliver.johnson@example.com', 'mypassword123', '1998-08-17', '8521479632587416');
INSERT INTO user VALUES ('101010101', 'Alexander', 'Gonzalez', '111 Oakwood Ave', 'Engineer', 'alex.gonzalez@gmail.com', 'P@ssword1234', '1991-07-10', '6549873216547891');
INSERT INTO user VALUES ('202020202', 'Samantha', 'Hernandez', '222 Maplewood Ln', 'Designer', 'samantha.hernandez@yahoo.com', 'Secret123!', '1986-12-15', '7896543214569872');
INSERT INTO user VALUES ('303030303', 'Leo', 'Nguyen', '333 Cedarcrest Rd', 'Writer', 'leo.nguyen@outlook.com', 'qwerty12345', '1994-09-25', '1234569876543218');
INSERT INTO user VALUES ('404040404', 'Aria', 'Ramirez', '444 Elmwood Ct', 'Doctor', 'aria.ramirez@hotmail.com', 'Secure1234', '1988-04-08', '8529631478523697');
INSERT INTO user VALUES ('505050505', 'Lucas', 'Smith', '555 Pinehill Rd', 'Artist', 'lucas.smith@icloud.com', 'Testpass4321', '1993-01-30', '4567893216549873');
INSERT INTO user VALUES ('606060606', 'Hazel', 'Rivera', '666 Birchwood Dr', 'Engineer', 'hazel.rivera@protonmail.com', 'Examplepass4321', '1990-06-05', '7894561236547893');
INSERT INTO user VALUES ('707070707', 'Ethan', 'Wang', '777 Elmcrest Pl', 'Student', 'ethan.wang@live.com', 'Myp@ssword1234', '1989-03-20', '6541237898529632');
INSERT INTO user VALUES ('808080808', 'Nova', 'Liu', '888 Pinehill Blvd', 'Designer', 'nova.liu@fastmail.com', 'Examplepass12345', '1996-10-12', '2583698521479632');
INSERT INTO user VALUES ('909090909', 'Sebastian', 'Gomez', '999 Oakwood Dr', 'Developer', 'sebastian.gomez@yandex.com', 'Testpass12345', '1984-05-28', '1234567891236548');
INSERT INTO user VALUES ('313131313', 'Willow', 'Kim', '123 Maplecrest Ave', 'Engineer', 'willow.kim@inbox.com', 'Mysecretpass123', '1998-08-17', '8521479632587417');

INSERT INTO payment VALUES ('1234567812345678', 'John', 'Doe', '123 Main St', 'M1M 1M1', 'Canada', '2026-06-01', '123');
INSERT INTO payment VALUES ('8765432187654321', 'Jane', 'Smith', '456 Oak Ave', 'V2V 2V2', 'Canada', '2028-08-01', '456');
INSERT INTO payment VALUES ('6543217865432178', 'Michael', 'Johnson', '789 Elm St', 'T3T 3T3', 'Canada', '2027-09-01', '789');
INSERT INTO payment VALUES ('9876541298765412', 'Emily', 'Lee', '321 Birch Rd', 'K4K 4K4', 'Canada', '2028-08-01', '987');
INSERT INTO payment VALUES ('4567891234567891', 'Alex', 'Brown', '567 Pine Ave', 'H1H 1H1', 'Canada', '2027-12-01', '654');
INSERT INTO payment VALUES ('3692581478523691', 'Sarah', 'Wilson', '890 Cedar Rd', 'B2B 2B2', 'Canada', '2030-03-01', '789');
INSERT INTO payment VALUES ('9517538524567891', 'Michael', 'Clark', '987 Maple St', 'L6L 6L6', 'Canada', '2027-08-01', '012');
INSERT INTO payment VALUES ('7531598524681592', 'Jessica', 'Miller', '258 Oak Ave', 'G8G 8G8', 'Canada', '2026-05-01', '345');
INSERT INTO payment VALUES ('8529631478529631', 'Matthew', 'Davis', '444 Elm St', 'R4R 4R4', 'Canada', '2024-09-01', '456');
INSERT INTO payment VALUES ('7539514568521479', 'Emily', 'White', '222 Birch Rd', 'Y5Y 5Y5', 'Canada', '2024-04-01', '789');
INSERT INTO payment VALUES ('4569871236547892', 'Michael', 'Anderson', '333 Main St', 'M9M 9M9', 'Canada', '2026-09-01', '234');
INSERT INTO payment VALUES ('7896541239876543', 'Sophia', 'Garcia', '444 Oak Ave', 'V7V 7V7', 'Canada', '2026-03-01', '789');
INSERT INTO payment VALUES ('2583691478523691', 'Daniel', 'Martinez', '555 Elm St', 'H5H 5H5', 'Canada', '2025-07-01', '012');
INSERT INTO payment VALUES ('3571597534862159', 'Ethan', 'Hernandez', '777 Pine Ave', 'R3R 3R3', 'Canada', '2027-11-01', '345');
INSERT INTO payment VALUES ('4567893216547893', 'Ava', 'Gonzalez', '888 Cedar Rd', 'G9G 9G9', 'Canada', '2028-06-01', '456');
INSERT INTO payment VALUES ('7539518524569852', 'William', 'Smith', '999 Maple St', 'Y3Y 3Y3', 'Canada', '2026-08-01', '789');
INSERT INTO payment VALUES ('8523697412589631', 'Isabella', 'Johnson', '123 Oak Ave', 'L5L 5L5', 'Canada', '2028-09-01', '012');
INSERT INTO payment VALUES ('9632587418529631', 'James', 'Brown', '456 Elm St', 'H6H 6H6', 'Canada', '2025-12-01', '345');
INSERT INTO payment VALUES ('7539518524569874', 'Charlotte', 'Davis', '789 Birch Rd', 'R7R 7R7', 'Canada', '2026-06-01', '678');
INSERT INTO payment VALUES ('8529631478523698', 'Liam', 'Rodriguez', '111 Main St', 'L3L 3L3', 'Canada', '2027-07-01', '901');
INSERT INTO payment VALUES ('7539518524563214', 'Olivia', 'Lopez', '222 Oak Ave', 'V6V 6V6', 'Canada', '2028-10-01', '234');
INSERT INTO payment VALUES ('4567893216549875', 'Noah', 'Perez', '333 Elm St', 'M2M 2M2', 'Canada', '2025-01-01', '567');
INSERT INTO payment VALUES ('7896541234563217', 'Emma', 'Gonzalez', '444 Birch Rd', 'B3B 3B3', 'Canada', '2028-04-01', '890');
INSERT INTO payment VALUES ('1234569874563215', 'Liam', 'Hernandez', '555 Pine Ave', 'T5T 5T5', 'Canada', '2023-10-01', '123');
INSERT INTO payment VALUES ('7894561236547892', 'Ava', 'Garcia', '666 Cedar Rd', 'G2G 2G2', 'Canada', '2024-06-01', '456');
INSERT INTO payment VALUES ('6541237898529631', 'Noah', 'Martinez', '777 Maple St', 'R1R 1R1', 'Canada', '2025-01-01', '789');
INSERT INTO payment VALUES ('2583698521479631', 'Isabella', 'Lee', '888 Oak Ave', 'H4H 4H4', 'Canada', '2026-10-01', '012');
INSERT INTO payment VALUES ('1234567891236547', 'Sophia', 'Smith', '999 Elm St', 'L9L 9L9', 'Canada', '2024-05-01', '345');
INSERT INTO payment VALUES ('8521479632587416', 'Oliver', 'Johnson', '123 Birch Rd', 'M3M 3M3', 'Canada', '2027-08-01', '678');
INSERT INTO payment VALUES ('6549873216547891', 'Alexander', 'Gonzalez', '111 Oakwood Ave', 'V8V 8V8', 'Canada', '2023-09-01', '901');
INSERT INTO payment VALUES ('7896543214569872', 'Samantha', 'Hernandez', '222 Maplewood Ln', 'T6T 6T6', 'Canada', '2025-12-01', '234');
INSERT INTO payment VALUES ('1234569876543218', 'Leo', 'Nguyen', '333 Cedarcrest Rd', 'B5B 5B5', 'Canada', '2024-09-01', '567');
INSERT INTO payment VALUES ('8529631478523697', 'Aria', 'Ramirez', '444 Elmwood Ct', 'R2R 2R2', 'Canada', '2026-04-01', '890');
INSERT INTO payment VALUES ('4567893216549873', 'Lucas', 'Smith', '555 Pinehill Rd', 'M4M 4M4', 'Canada', '2027-01-01', '123');
INSERT INTO payment VALUES ('7894561236547893', 'Hazel', 'Rivera', '666 Birchwood Dr', 'V9V 9V9', 'Canada', '2024-06-01', '456');
INSERT INTO payment VALUES ('6541237898529632', 'Ethan', 'Wang', '777 Elmcrest Pl', 'T7T 7T7', 'Canada', '2025-06-01', '789');
INSERT INTO payment VALUES ('2583698521479632', 'Nova', 'Liu', '888 Pinehill Blvd', 'B6B 6B6', 'Canada', '2025-08-01', '012');
INSERT INTO payment VALUES ('1234567891236548', 'Sebastian', 'Gomez', '999 Oakwood Dr', 'M5M 5M5', 'Canada', '2024-05-01', '345');
INSERT INTO payment VALUES ('8521479632587417', 'Willow', 'Kim', '123 Maplecrest Ave', 'V8V 8V8', 'Canada', '2027-08-01', '678');

INSERT INTO host VALUES ('123456789', 0);
INSERT INTO host VALUES ('987654321', 0);
INSERT INTO host VALUES ('246813579', 0);
INSERT INTO host VALUES ('135792468', 0);
INSERT INTO host VALUES ('987654322', 0);
INSERT INTO host VALUES ('987612345', 0);
INSERT INTO host VALUES ('987654123', 0);
INSERT INTO host VALUES ('987623451', 0);
INSERT INTO host VALUES ('555555555', 0);
INSERT INTO host VALUES ('111111111', 0);
INSERT INTO host VALUES ('222222222', 0);
INSERT INTO host VALUES ('333333333', 0);
INSERT INTO host VALUES ('444444444', 0);
INSERT INTO host VALUES ('666666666', 0);
INSERT INTO host VALUES ('777777777', 0);
INSERT INTO host VALUES ('888888888', 0);
INSERT INTO host VALUES ('999999999', 0);
INSERT INTO host VALUES ('123123123', 0);
INSERT INTO host VALUES ('456456456', 0);
INSERT INTO host VALUES ('111111000', 0);
INSERT INTO host VALUES ('123123000', 0);
INSERT INTO host VALUES ('101010101', 0);
INSERT INTO host VALUES ('202020202', 0);
INSERT INTO host VALUES ('303030303', 0);
INSERT INTO host VALUES ('404040404', 0);
INSERT INTO host VALUES ('505050505', 0);
INSERT INTO host VALUES ('606060606', 0);
INSERT INTO host VALUES ('707070707', 0);
INSERT INTO host VALUES ('808080808', 0);
INSERT INTO host VALUES ('909090909', 0);
INSERT INTO host VALUES ('313131313', 0);

INSERT INTO listing VALUES (43.761539, -79.411079, '123456789', 'Entire Place', '123 Main St', 'M1M 1M1', 'Toronto', 'Canada', 1, 1, 1, 0, 1, 1, 1, 1, 1, 1, 1, 1, 0, 0);
INSERT INTO listing VALUES (49.282730, -123.120735, '987654321', 'Private Room', '456 Oak Ave', 'V2V 2V2', 'Vancouver', 'Canada', 1, 1, 1, 1, 1, 1, 1, 1, 1, 1, 1, 1, 0, 0);
INSERT INTO listing VALUES (51.048615, -114.070846, '246813579', 'Private Room', '789 Elm St', 'T3T 3T3', 'Calgary', 'Canada', 1, 1, 1, 0, 1, 1, 1, 1, 1, 1, 1, 1, 0, 0);
INSERT INTO listing VALUES (45.377992, -75.745937, '135792468', 'Shared Room', '321 Birch Rd', 'K1K 1K1', 'Ottawa', 'Canada', 1, 1, 1, 1, 1, 1, 1, 1, 1, 1, 1, 1, 0, 0);
INSERT INTO listing VALUES (45.501688, -73.567256, '987654322', 'Shared Room', '567 Pine Ave', 'H2H 2H2', 'Montreal', 'Canada', 1, 1, 1, 0, 1, 1, 1, 1, 1, 1, 1, 1, 0, 0);
INSERT INTO listing VALUES (44.648427, -63.567024, '987612345', 'Entire Place', '890 Cedar Rd', 'B3B 3B3', 'Halifax', 'Canada', 1, 1, 1, 1, 1, 1, 1, 1, 1, 1, 1, 1, 0, 0);
INSERT INTO listing VALUES (43.592653, -79.636864, '987654123', 'Entire Place', '987 Maple St', 'L5L 5L5', 'Mississauga', 'Canada', 1, 1, 1, 0, 1, 1, 1, 1, 1, 1, 1, 1, 0, 0);
INSERT INTO listing VALUES (45.477298, -75.701275, '987623451', 'Private Room', '258 Oak Ave', 'K2K 2K2', 'Ottawa', 'Canada', 1, 1, 1, 1, 1, 1, 1, 1, 1, 1, 1, 1, 0, 0);
INSERT INTO listing VALUES (49.895077, -97.138451, '555555555', 'Private Room', '444 Elm St', 'R3R 3R3', 'Winnipeg', 'Canada', 1, 1, 1, 0, 1, 1, 1, 1, 1, 1, 1, 1, 0, 0);
INSERT INTO listing VALUES (46.813878, -71.207981, '111111111', 'Entire Place', '222 Birch Rd', 'G2G 2G2', 'Quebec', 'Canada', 1, 1, 1, 1, 1, 1, 1, 1, 1, 1, 1, 1, 0, 0);
INSERT INTO listing VALUES (43.700111, -79.402937, '222222222', 'Private Room', '333 Main St', 'M2M 2M2', 'Toronto', 'Canada', 1, 1, 1, 0, 1, 1, 1, 1, 1, 1, 1, 1, 0, 0);
INSERT INTO listing VALUES (43.651070, -79.347015, '333333333', 'Private Room', '444 Oak Ave', 'M3M 3M3', 'Toronto', 'Canada', 1, 1, 1, 1, 1, 1, 1, 1, 1, 1, 1, 1, 0, 0);
INSERT INTO listing VALUES (45.497216, -73.610364, '444444444', 'Entire Place', '555 Elm St', 'H3H 3H3', 'Montreal', 'Canada', 1, 1, 1, 0, 1, 1, 1, 1, 1, 1, 1, 1, 0, 0);
INSERT INTO listing VALUES (45.421529, -75.697193, '666666666', 'Entire Place', '777 Pine Ave', 'K3K 3K3', 'Ottawa', 'Canada', 1, 1, 1, 1, 1, 1, 1, 1, 1, 1, 1, 1, 0, 0);
INSERT INTO listing VALUES (43.718403, -79.518141, '777777777', 'Hotel Room', '888 Cedar Rd', 'M4M 4M4', 'Toronto', 'Canada', 1, 1, 1, 0, 1, 1, 1, 1, 1, 1, 1, 1, 0, 0);
INSERT INTO listing VALUES (43.651070, -79.347415, '888888888', 'Shared Room', '999 Maple St', 'M5M 5M5', 'Toronto', 'Canada', 1, 1, 1, 1, 1, 1, 1, 1, 1, 1, 1, 1, 0, 0);
INSERT INTO listing VALUES (43.653225, -79.383186, '999999999', 'Entire Place', '123 Oak Ave', 'M6M 6M6', 'Toronto', 'Canada', 1, 1, 1, 0, 1, 1, 1, 1, 1, 1, 1, 1, 0, 0);
INSERT INTO listing VALUES (49.282730, -123.120635, '123123123', 'Private Room', '456 Elm St', 'V5V 5V5', 'Vancouver', 'Canada', 1, 1, 1, 1, 1, 1, 1, 1, 1, 1, 1, 1, 0, 0);
INSERT INTO listing VALUES (45.421427, -75.697193, '456456456', 'Private Room', '789 Birch Rd', 'K6K 6K6', 'Ottawa', 'Canada', 1, 1, 1, 0, 1, 1, 1, 1, 1, 1, 1, 1, 0, 0);
INSERT INTO listing VALUES (43.651070, -79.347005, '111111000', 'Shared Room', '111 Main St', 'M7M 7M7', 'Toronto', 'Canada', 1, 1, 1, 1, 1, 1, 1, 1, 1, 1, 1, 1, 0, 0);
INSERT INTO listing VALUES (49.895071, -97.138451, '808080808', 'Private Room', '457 Pinehill Blvd', 'R3R 3R3', 'Winnipeg', 'Canada', 1, 1, 1, 0, 1, 1, 1, 1, 1, 1, 1, 1, 0, 0);
INSERT INTO listing VALUES (46.813878, -71.207961, '909090909', 'Entire Place', '999 Oakwood Dr', 'G2G 2G2', 'Quebec', 'Canada', 1, 1, 1, 1, 1, 1, 1, 1, 1, 1, 1, 1, 0, 0);
INSERT INTO listing VALUES (43.592653, -79.634864, '313131313', 'Shared Room', '123 Maplecrest Ave', 'M1M 1M1', 'Toronto', 'Canada', 1, 1, 1, 0, 1, 1, 1, 1, 1, 1, 1, 1, 0, 0);
INSERT INTO listing VALUES (45.421513, -75.687193, '404040404', 'Private Room', '444 Elmwood Ct', 'K2K 2K2', 'Ottawa', 'Canada', 1, 1, 1, 1, 1, 1, 1, 1, 1, 1, 1, 1, 0, 0);
INSERT INTO listing VALUES (45.500688, -73.567253, '505050505', 'Entire Place', '555 Pinehill Rd', 'H3H 3H3', 'Montreal', 'Canada', 1, 1, 1, 0, 1, 1, 1, 1, 1, 1, 1, 1, 0, 0);
INSERT INTO listing VALUES (45.421529, -75.696192, '606060606', 'Private Room', '666 Birchwood Dr', 'K4K 4K4', 'Ottawa', 'Canada', 1, 1, 1, 1, 1, 1, 1, 1, 1, 1, 1, 1, 0, 0);
INSERT INTO listing VALUES (43.718403, -79.518131, '707070707', 'Private Room', '777 Elmcrest Pl', 'M5M 5M5', 'Toronto', 'Canada', 1, 1, 1, 0, 1, 1, 1, 1, 1, 1, 1, 1, 0, 0);
INSERT INTO listing VALUES (43.651070, -79.347117, '808080808', 'Private Room', '821 Pinehill Blvd', 'M6M 6M6', 'Toronto', 'Canada', 1, 1, 1, 1, 1, 1, 1, 1, 1, 1, 1, 1, 0, 0);
INSERT INTO listing VALUES (49.282730, -123.120739, '909090909', 'Private Room', '977 Oakwood Dr', 'V7V 7V7', 'Vancouver', 'Canada', 1, 1, 1, 0, 1, 1, 1, 1, 1, 1, 1, 1, 0, 0);
INSERT INTO listing VALUES (43.650225, -79.383176, '313131313', 'Entire Place', '123 Maplecrest Ave', 'M8M 8M8', 'Toronto', 'Canada', 1, 1, 1, 1, 1, 1, 1, 1, 1, 1, 1, 1, 0, 0);
INSERT INTO listing VALUES (49.895077, -97.138491, '101010101', 'Private Room', '111 Oakwood Ave', 'R2R 2R2', 'Winnipeg', 'Canada', 1, 1, 1, 0, 1, 1, 1, 1, 1, 1, 1, 1, 0, 0);
INSERT INTO listing VALUES (49.282730, -123.120935, '202020202', 'Hotel Room', '222 Maplewood Ln', 'V6V 6V6', 'Vancouver', 'Canada', 1, 1, 1, 1, 1, 1, 1, 1, 1, 1, 1, 1, 0, 0);
INSERT INTO listing VALUES (49.282730, -123.120721, '202020202', 'Entire Place', '222 Fakeplace Ln', 'V2V 2V2', 'Vancouver', 'Canada', 1, 1, 1, 0, 1, 1, 1, 1, 1, 1, 1, 1, 0, 0);
INSERT INTO listing VALUES (49.895047, -97.138450, '303030303', 'Private Room', '333 Cedarcrest Rd', 'R3R 3R3', 'Winnipeg', 'Canada', 1, 1, 1, 1, 1, 1, 1, 1, 1, 1, 1, 1, 0, 0);
INSERT INTO listing VALUES (45.420529, -75.697194, '404040404', 'Shared Room', '444 Elmwood Ct', 'K2K 2K2', 'Ottawa', 'Canada', 1, 1, 1, 0, 1, 1, 1, 1, 1, 1, 1, 1, 0, 0);
INSERT INTO listing VALUES (45.501688, -73.567259, '505050505', 'Private Room', '555 Pinehill Rd', 'H3H 3H3', 'Montreal', 'Canada', 1, 1, 1, 1, 1, 1, 1, 1, 1, 1, 1, 1, 0, 0);
INSERT INTO listing VALUES (49.895073, -97.138459, '808080808', 'Private Room', '53 Pinehill Blvd', 'R3R 3R3', 'Winnipeg', 'Canada', 1, 1, 1, 0, 1, 1, 1, 1, 1, 1, 1, 1, 0, 0);
INSERT INTO listing VALUES (46.813878, -71.207911, '909090909', 'Entire Place', '147 Oakwood Dr', 'G2G 2G2', 'Quebec', 'Canada', 1, 1, 1, 1, 1, 1, 1, 1, 1, 1, 1, 1, 0, 0);
INSERT INTO listing VALUES (43.582653, -79.636863, '313131313', 'Private Room', '123 Maplecrest Ave', 'M1M 1M1', 'Toronto', 'Canada', 1, 1, 1, 0, 1, 1, 1, 1, 1, 1, 1, 1, 0, 0);




